BehaviorSpace results (NetLogo 6.1.1),,,,,,,,,,,,,,,,,,,,,,,,,,,,,,,,,,,,,,,,,,,,,,,,,,,,,,,,,,,,,,,,,,,,,,,,,,,,,,,,,,,,,,,,,,,,,,,,,,,,,,,,,,,,,,,,,,,,,,,,,,,,,,,,,,,,,,,,,,,,,,,,,,,,,,,,,,,,,,,,,,,,,,,,,,,,,,,,,,,,,,,,,,,,,,,,,,,,,,,,,,,,,,,,,,,,,,,,,,,,,,,,,,,,,,,,,,,,,,,,,,,,,,,,,,,,,,,,,,,,,,,,,,,,,,,,,,,,,,,,
cognitive-contagion.nlogo,,,,,,,,,,,,,,,,,,,,,,,,,,,,,,,,,,,,,,,,,,,,,,,,,,,,,,,,,,,,,,,,,,,,,,,,,,,,,,,,,,,,,,,,,,,,,,,,,,,,,,,,,,,,,,,,,,,,,,,,,,,,,,,,,,,,,,,,,,,,,,,,,,,,,,,,,,,,,,,,,,,,,,,,,,,,,,,,,,,,,,,,,,,,,,,,,,,,,,,,,,,,,,,,,,,,,,,,,,,,,,,,,,,,,,,,,,,,,,,,,,,,,,,,,,,,,,,,,,,,,,,,,,,,,,,,,,,,,,,,
influence-likelihood-paths,,,,,,,,,,,,,,,,,,,,,,,,,,,,,,,,,,,,,,,,,,,,,,,,,,,,,,,,,,,,,,,,,,,,,,,,,,,,,,,,,,,,,,,,,,,,,,,,,,,,,,,,,,,,,,,,,,,,,,,,,,,,,,,,,,,,,,,,,,,,,,,,,,,,,,,,,,,,,,,,,,,,,,,,,,,,,,,,,,,,,,,,,,,,,,,,,,,,,,,,,,,,,,,,,,,,,,,,,,,,,,,,,,,,,,,,,,,,,,,,,,,,,,,,,,,,,,,,,,,,,,,,,,,,,,,,,,,,,,,,
01/07/2021 13:51:44:959 -0500,,,,,,,,,,,,,,,,,,,,,,,,,,,,,,,,,,,,,,,,,,,,,,,,,,,,,,,,,,,,,,,,,,,,,,,,,,,,,,,,,,,,,,,,,,,,,,,,,,,,,,,,,,,,,,,,,,,,,,,,,,,,,,,,,,,,,,,,,,,,,,,,,,,,,,,,,,,,,,,,,,,,,,,,,,,,,,,,,,,,,,,,,,,,,,,,,,,,,,,,,,,,,,,,,,,,,,,,,,,,,,,,,,,,,,,,,,,,,,,,,,,,,,,,,,,,,,,,,,,,,,,,,,,,,,,,,,,,,,,,
min-pxcor,max-pxcor,min-pycor,max-pycor,,,,,,,,,,,,,,,,,,,,,,,,,,,,,,,,,,,,,,,,,,,,,,,,,,,,,,,,,,,,,,,,,,,,,,,,,,,,,,,,,,,,,,,,,,,,,,,,,,,,,,,,,,,,,,,,,,,,,,,,,,,,,,,,,,,,,,,,,,,,,,,,,,,,,,,,,,,,,,,,,,,,,,,,,,,,,,,,,,,,,,,,,,,,,,,,,,,,,,,,,,,,,,,,,,,,,,,,,,,,,,,,,,,,,,,,,,,,,,,,,,,,,,,,,,,,,,,,,,,,,,,,,,,,,,,,,,,,,
-16,16,-16,16,,,,,,,,,,,,,,,,,,,,,,,,,,,,,,,,,,,,,,,,,,,,,,,,,,,,,,,,,,,,,,,,,,,,,,,,,,,,,,,,,,,,,,,,,,,,,,,,,,,,,,,,,,,,,,,,,,,,,,,,,,,,,,,,,,,,,,,,,,,,,,,,,,,,,,,,,,,,,,,,,,,,,,,,,,,,,,,,,,,,,,,,,,,,,,,,,,,,,,,,,,,,,,,,,,,,,,,,,,,,,,,,,,,,,,,,,,,,,,,,,,,,,,,,,,,,,,,,,,,,,,,,,,,,,,,,,,,,,
[run number],1,1,1,1,1,1,1,2,2,2,2,2,2,2,3,3,3,3,3,3,3,4,4,4,4,4,4,4,5,5,5,5,5,5,5,6,6,6,6,6,6,6,7,7,7,7,7,7,7,8,8,8,8,8,8,8,9,9,9,9,9,9,9,10,10,10,10,10,10,10,11,11,11,11,11,11,11,12,12,12,12,12,12,12,13,13,13,13,13,13,13,14,14,14,14,14,14,14,15,15,15,15,15,15,15,16,16,16,16,16,16,16,17,17,17,17,17,17,17,18,18,18,18,18,18,18,19,19,19,19,19,19,19,20,20,20,20,20,20,20,21,21,21,21,21,21,21,22,22,22,22,22,22,22,23,23,23,23,23,23,23,24,24,24,24,24,24,24,25,25,25,25,25,25,25,26,26,26,26,26,26,26,27,27,27,27,27,27,27,28,28,28,28,28,28,28,29,29,29,29,29,29,29,30,30,30,30,30,30,30,31,31,31,31,31,31,31,32,32,32,32,32,32,32,33,33,33,33,33,33,33,34,34,34,34,34,34,34,35,35,35,35,35,35,35,36,36,36,36,36,36,36,37,37,37,37,37,37,37,38,38,38,38,38,38,38,39,39,39,39,39,39,39,40,40,40,40,40,40,40
graph-type,erdos-renyi,,,,,,,erdos-renyi,,,,,,,erdos-renyi,,,,,,,erdos-renyi,,,,,,,erdos-renyi,,,,,,,erdos-renyi,,,,,,,erdos-renyi,,,,,,,erdos-renyi,,,,,,,erdos-renyi,,,,,,,erdos-renyi,,,,,,,barabasi-albert,,,,,,,barabasi-albert,,,,,,,barabasi-albert,,,,,,,barabasi-albert,,,,,,,barabasi-albert,,,,,,,barabasi-albert,,,,,,,barabasi-albert,,,,,,,barabasi-albert,,,,,,,barabasi-albert,,,,,,,barabasi-albert,,,,,,,watts-strogatz,,,,,,,watts-strogatz,,,,,,,watts-strogatz,,,,,,,watts-strogatz,,,,,,,watts-strogatz,,,,,,,watts-strogatz,,,,,,,watts-strogatz,,,,,,,watts-strogatz,,,,,,,watts-strogatz,,,,,,,watts-strogatz,,,,,,,mag,,,,,,,mag,,,,,,,mag,,,,,,,mag,,,,,,,mag,,,,,,,mag,,,,,,,mag,,,,,,,mag,,,,,,,mag,,,,,,,mag,,,,,,
[steps],1,1,1,1,1,1,1,1,1,1,1,1,1,1,1,1,1,1,1,1,1,1,1,1,1,1,1,1,1,1,1,1,1,1,1,1,1,1,1,1,1,1,1,1,1,1,1,1,1,1,1,1,1,1,1,1,1,1,1,1,1,1,1,1,1,1,1,1,1,1,1,1,1,1,1,1,1,1,1,1,1,1,1,1,1,1,1,1,1,1,1,1,1,1,1,1,1,1,1,1,1,1,1,1,1,1,1,1,1,1,1,1,1,1,1,1,1,1,1,1,1,1,1,1,1,1,1,1,1,1,1,1,1,1,1,1,1,1,1,1,1,1,1,1,1,1,1,1,1,1,1,1,1,1,1,1,1,1,1,1,1,1,1,1,1,1,1,1,1,1,1,1,1,1,1,1,1,1,1,1,1,1,1,1,1,1,1,1,1,1,1,1,1,1,1,1,1,1,1,1,1,1,1,1,1,1,1,1,1,1,1,1,1,1,1,1,1,1,1,1,1,1,1,1,1,1,1,1,1,1,1,1,1,1,1,1,1,1,1,1,1,1,1,1,1,1,1,1,1,1,1,1,1,1,1,1,1,1,1,1,1,1,1,1,1,1,1,1,1,1,1,1,1,1,1,1,1,1,1,1
,,,,,,,,,,,,,,,,,,,,,,,,,,,,,,,,,,,,,,,,,,,,,,,,,,,,,,,,,,,,,,,,,,,,,,,,,,,,,,,,,,,,,,,,,,,,,,,,,,,,,,,,,,,,,,,,,,,,,,,,,,,,,,,,,,,,,,,,,,,,,,,,,,,,,,,,,,,,,,,,,,,,,,,,,,,,,,,,,,,,,,,,,,,,,,,,,,,,,,,,,,,,,,,,,,,,,,,,,,,,,,,,,,,,,,,,,,,,,,,,,,,,,,,,,,,,,,,,,,,,,,,,,,,,,,,,,,,,,,,,
[initial & final values],"length (influencer-distance-paths (media 500) (one-of citizens with [dict-value brain ""A"" = 0]) [[""A"" 6]] 2)","length (influencer-distance-paths (media 500) (one-of citizens with [dict-value brain ""A"" = 1]) [[""A"" 6]] 2)","length (influencer-distance-paths (media 500) (one-of citizens with [dict-value brain ""A"" = 2]) [[""A"" 6]] 2)","length (influencer-distance-paths (media 500) (one-of citizens with [dict-value brain ""A"" = 3]) [[""A"" 6]] 2)","length (influencer-distance-paths (media 500) (one-of citizens with [dict-value brain ""A"" = 4]) [[""A"" 6]] 2)","length (influencer-distance-paths (media 500) (one-of citizens with [dict-value brain ""A"" = 5]) [[""A"" 6]] 2)","length (influencer-distance-paths (media 500) (one-of citizens with [dict-value brain ""A"" = 6]) [[""A"" 6]] 2)","length (influencer-distance-paths (media 500) (one-of citizens with [dict-value brain ""A"" = 0]) [[""A"" 6]] 2)","length (influencer-distance-paths (media 500) (one-of citizens with [dict-value brain ""A"" = 1]) [[""A"" 6]] 2)","length (influencer-distance-paths (media 500) (one-of citizens with [dict-value brain ""A"" = 2]) [[""A"" 6]] 2)","length (influencer-distance-paths (media 500) (one-of citizens with [dict-value brain ""A"" = 3]) [[""A"" 6]] 2)","length (influencer-distance-paths (media 500) (one-of citizens with [dict-value brain ""A"" = 4]) [[""A"" 6]] 2)","length (influencer-distance-paths (media 500) (one-of citizens with [dict-value brain ""A"" = 5]) [[""A"" 6]] 2)","length (influencer-distance-paths (media 500) (one-of citizens with [dict-value brain ""A"" = 6]) [[""A"" 6]] 2)","length (influencer-distance-paths (media 500) (one-of citizens with [dict-value brain ""A"" = 0]) [[""A"" 6]] 2)","length (influencer-distance-paths (media 500) (one-of citizens with [dict-value brain ""A"" = 1]) [[""A"" 6]] 2)","length (influencer-distance-paths (media 500) (one-of citizens with [dict-value brain ""A"" = 2]) [[""A"" 6]] 2)","length (influencer-distance-paths (media 500) (one-of citizens with [dict-value brain ""A"" = 3]) [[""A"" 6]] 2)","length (influencer-distance-paths (media 500) (one-of citizens with [dict-value brain ""A"" = 4]) [[""A"" 6]] 2)","length (influencer-distance-paths (media 500) (one-of citizens with [dict-value brain ""A"" = 5]) [[""A"" 6]] 2)","length (influencer-distance-paths (media 500) (one-of citizens with [dict-value brain ""A"" = 6]) [[""A"" 6]] 2)","length (influencer-distance-paths (media 500) (one-of citizens with [dict-value brain ""A"" = 0]) [[""A"" 6]] 2)","length (influencer-distance-paths (media 500) (one-of citizens with [dict-value brain ""A"" = 1]) [[""A"" 6]] 2)","length (influencer-distance-paths (media 500) (one-of citizens with [dict-value brain ""A"" = 2]) [[""A"" 6]] 2)","length (influencer-distance-paths (media 500) (one-of citizens with [dict-value brain ""A"" = 3]) [[""A"" 6]] 2)","length (influencer-distance-paths (media 500) (one-of citizens with [dict-value brain ""A"" = 4]) [[""A"" 6]] 2)","length (influencer-distance-paths (media 500) (one-of citizens with [dict-value brain ""A"" = 5]) [[""A"" 6]] 2)","length (influencer-distance-paths (media 500) (one-of citizens with [dict-value brain ""A"" = 6]) [[""A"" 6]] 2)","length (influencer-distance-paths (media 500) (one-of citizens with [dict-value brain ""A"" = 0]) [[""A"" 6]] 2)","length (influencer-distance-paths (media 500) (one-of citizens with [dict-value brain ""A"" = 1]) [[""A"" 6]] 2)","length (influencer-distance-paths (media 500) (one-of citizens with [dict-value brain ""A"" = 2]) [[""A"" 6]] 2)","length (influencer-distance-paths (media 500) (one-of citizens with [dict-value brain ""A"" = 3]) [[""A"" 6]] 2)","length (influencer-distance-paths (media 500) (one-of citizens with [dict-value brain ""A"" = 4]) [[""A"" 6]] 2)","length (influencer-distance-paths (media 500) (one-of citizens with [dict-value brain ""A"" = 5]) [[""A"" 6]] 2)","length (influencer-distance-paths (media 500) (one-of citizens with [dict-value brain ""A"" = 6]) [[""A"" 6]] 2)","length (influencer-distance-paths (media 500) (one-of citizens with [dict-value brain ""A"" = 0]) [[""A"" 6]] 2)","length (influencer-distance-paths (media 500) (one-of citizens with [dict-value brain ""A"" = 1]) [[""A"" 6]] 2)","length (influencer-distance-paths (media 500) (one-of citizens with [dict-value brain ""A"" = 2]) [[""A"" 6]] 2)","length (influencer-distance-paths (media 500) (one-of citizens with [dict-value brain ""A"" = 3]) [[""A"" 6]] 2)","length (influencer-distance-paths (media 500) (one-of citizens with [dict-value brain ""A"" = 4]) [[""A"" 6]] 2)","length (influencer-distance-paths (media 500) (one-of citizens with [dict-value brain ""A"" = 5]) [[""A"" 6]] 2)","length (influencer-distance-paths (media 500) (one-of citizens with [dict-value brain ""A"" = 6]) [[""A"" 6]] 2)","length (influencer-distance-paths (media 500) (one-of citizens with [dict-value brain ""A"" = 0]) [[""A"" 6]] 2)","length (influencer-distance-paths (media 500) (one-of citizens with [dict-value brain ""A"" = 1]) [[""A"" 6]] 2)","length (influencer-distance-paths (media 500) (one-of citizens with [dict-value brain ""A"" = 2]) [[""A"" 6]] 2)","length (influencer-distance-paths (media 500) (one-of citizens with [dict-value brain ""A"" = 3]) [[""A"" 6]] 2)","length (influencer-distance-paths (media 500) (one-of citizens with [dict-value brain ""A"" = 4]) [[""A"" 6]] 2)","length (influencer-distance-paths (media 500) (one-of citizens with [dict-value brain ""A"" = 5]) [[""A"" 6]] 2)","length (influencer-distance-paths (media 500) (one-of citizens with [dict-value brain ""A"" = 6]) [[""A"" 6]] 2)","length (influencer-distance-paths (media 500) (one-of citizens with [dict-value brain ""A"" = 0]) [[""A"" 6]] 2)","length (influencer-distance-paths (media 500) (one-of citizens with [dict-value brain ""A"" = 1]) [[""A"" 6]] 2)","length (influencer-distance-paths (media 500) (one-of citizens with [dict-value brain ""A"" = 2]) [[""A"" 6]] 2)","length (influencer-distance-paths (media 500) (one-of citizens with [dict-value brain ""A"" = 3]) [[""A"" 6]] 2)","length (influencer-distance-paths (media 500) (one-of citizens with [dict-value brain ""A"" = 4]) [[""A"" 6]] 2)","length (influencer-distance-paths (media 500) (one-of citizens with [dict-value brain ""A"" = 5]) [[""A"" 6]] 2)","length (influencer-distance-paths (media 500) (one-of citizens with [dict-value brain ""A"" = 6]) [[""A"" 6]] 2)","length (influencer-distance-paths (media 500) (one-of citizens with [dict-value brain ""A"" = 0]) [[""A"" 6]] 2)","length (influencer-distance-paths (media 500) (one-of citizens with [dict-value brain ""A"" = 1]) [[""A"" 6]] 2)","length (influencer-distance-paths (media 500) (one-of citizens with [dict-value brain ""A"" = 2]) [[""A"" 6]] 2)","length (influencer-distance-paths (media 500) (one-of citizens with [dict-value brain ""A"" = 3]) [[""A"" 6]] 2)","length (influencer-distance-paths (media 500) (one-of citizens with [dict-value brain ""A"" = 4]) [[""A"" 6]] 2)","length (influencer-distance-paths (media 500) (one-of citizens with [dict-value brain ""A"" = 5]) [[""A"" 6]] 2)","length (influencer-distance-paths (media 500) (one-of citizens with [dict-value brain ""A"" = 6]) [[""A"" 6]] 2)","length (influencer-distance-paths (media 500) (one-of citizens with [dict-value brain ""A"" = 0]) [[""A"" 6]] 2)","length (influencer-distance-paths (media 500) (one-of citizens with [dict-value brain ""A"" = 1]) [[""A"" 6]] 2)","length (influencer-distance-paths (media 500) (one-of citizens with [dict-value brain ""A"" = 2]) [[""A"" 6]] 2)","length (influencer-distance-paths (media 500) (one-of citizens with [dict-value brain ""A"" = 3]) [[""A"" 6]] 2)","length (influencer-distance-paths (media 500) (one-of citizens with [dict-value brain ""A"" = 4]) [[""A"" 6]] 2)","length (influencer-distance-paths (media 500) (one-of citizens with [dict-value brain ""A"" = 5]) [[""A"" 6]] 2)","length (influencer-distance-paths (media 500) (one-of citizens with [dict-value brain ""A"" = 6]) [[""A"" 6]] 2)","length (influencer-distance-paths (media 500) (one-of citizens with [dict-value brain ""A"" = 0]) [[""A"" 6]] 2)","length (influencer-distance-paths (media 500) (one-of citizens with [dict-value brain ""A"" = 1]) [[""A"" 6]] 2)","length (influencer-distance-paths (media 500) (one-of citizens with [dict-value brain ""A"" = 2]) [[""A"" 6]] 2)","length (influencer-distance-paths (media 500) (one-of citizens with [dict-value brain ""A"" = 3]) [[""A"" 6]] 2)","length (influencer-distance-paths (media 500) (one-of citizens with [dict-value brain ""A"" = 4]) [[""A"" 6]] 2)","length (influencer-distance-paths (media 500) (one-of citizens with [dict-value brain ""A"" = 5]) [[""A"" 6]] 2)","length (influencer-distance-paths (media 500) (one-of citizens with [dict-value brain ""A"" = 6]) [[""A"" 6]] 2)","length (influencer-distance-paths (media 500) (one-of citizens with [dict-value brain ""A"" = 0]) [[""A"" 6]] 2)","length (influencer-distance-paths (media 500) (one-of citizens with [dict-value brain ""A"" = 1]) [[""A"" 6]] 2)","length (influencer-distance-paths (media 500) (one-of citizens with [dict-value brain ""A"" = 2]) [[""A"" 6]] 2)","length (influencer-distance-paths (media 500) (one-of citizens with [dict-value brain ""A"" = 3]) [[""A"" 6]] 2)","length (influencer-distance-paths (media 500) (one-of citizens with [dict-value brain ""A"" = 4]) [[""A"" 6]] 2)","length (influencer-distance-paths (media 500) (one-of citizens with [dict-value brain ""A"" = 5]) [[""A"" 6]] 2)","length (influencer-distance-paths (media 500) (one-of citizens with [dict-value brain ""A"" = 6]) [[""A"" 6]] 2)","length (influencer-distance-paths (media 500) (one-of citizens with [dict-value brain ""A"" = 0]) [[""A"" 6]] 2)","length (influencer-distance-paths (media 500) (one-of citizens with [dict-value brain ""A"" = 1]) [[""A"" 6]] 2)","length (influencer-distance-paths (media 500) (one-of citizens with [dict-value brain ""A"" = 2]) [[""A"" 6]] 2)","length (influencer-distance-paths (media 500) (one-of citizens with [dict-value brain ""A"" = 3]) [[""A"" 6]] 2)","length (influencer-distance-paths (media 500) (one-of citizens with [dict-value brain ""A"" = 4]) [[""A"" 6]] 2)","length (influencer-distance-paths (media 500) (one-of citizens with [dict-value brain ""A"" = 5]) [[""A"" 6]] 2)","length (influencer-distance-paths (media 500) (one-of citizens with [dict-value brain ""A"" = 6]) [[""A"" 6]] 2)","length (influencer-distance-paths (media 500) (one-of citizens with [dict-value brain ""A"" = 0]) [[""A"" 6]] 2)","length (influencer-distance-paths (media 500) (one-of citizens with [dict-value brain ""A"" = 1]) [[""A"" 6]] 2)","length (influencer-distance-paths (media 500) (one-of citizens with [dict-value brain ""A"" = 2]) [[""A"" 6]] 2)","length (influencer-distance-paths (media 500) (one-of citizens with [dict-value brain ""A"" = 3]) [[""A"" 6]] 2)","length (influencer-distance-paths (media 500) (one-of citizens with [dict-value brain ""A"" = 4]) [[""A"" 6]] 2)","length (influencer-distance-paths (media 500) (one-of citizens with [dict-value brain ""A"" = 5]) [[""A"" 6]] 2)","length (influencer-distance-paths (media 500) (one-of citizens with [dict-value brain ""A"" = 6]) [[""A"" 6]] 2)","length (influencer-distance-paths (media 500) (one-of citizens with [dict-value brain ""A"" = 0]) [[""A"" 6]] 2)","length (influencer-distance-paths (media 500) (one-of citizens with [dict-value brain ""A"" = 1]) [[""A"" 6]] 2)","length (influencer-distance-paths (media 500) (one-of citizens with [dict-value brain ""A"" = 2]) [[""A"" 6]] 2)","length (influencer-distance-paths (media 500) (one-of citizens with [dict-value brain ""A"" = 3]) [[""A"" 6]] 2)","length (influencer-distance-paths (media 500) (one-of citizens with [dict-value brain ""A"" = 4]) [[""A"" 6]] 2)","length (influencer-distance-paths (media 500) (one-of citizens with [dict-value brain ""A"" = 5]) [[""A"" 6]] 2)","length (influencer-distance-paths (media 500) (one-of citizens with [dict-value brain ""A"" = 6]) [[""A"" 6]] 2)","length (influencer-distance-paths (media 500) (one-of citizens with [dict-value brain ""A"" = 0]) [[""A"" 6]] 2)","length (influencer-distance-paths (media 500) (one-of citizens with [dict-value brain ""A"" = 1]) [[""A"" 6]] 2)","length (influencer-distance-paths (media 500) (one-of citizens with [dict-value brain ""A"" = 2]) [[""A"" 6]] 2)","length (influencer-distance-paths (media 500) (one-of citizens with [dict-value brain ""A"" = 3]) [[""A"" 6]] 2)","length (influencer-distance-paths (media 500) (one-of citizens with [dict-value brain ""A"" = 4]) [[""A"" 6]] 2)","length (influencer-distance-paths (media 500) (one-of citizens with [dict-value brain ""A"" = 5]) [[""A"" 6]] 2)","length (influencer-distance-paths (media 500) (one-of citizens with [dict-value brain ""A"" = 6]) [[""A"" 6]] 2)","length (influencer-distance-paths (media 500) (one-of citizens with [dict-value brain ""A"" = 0]) [[""A"" 6]] 2)","length (influencer-distance-paths (media 500) (one-of citizens with [dict-value brain ""A"" = 1]) [[""A"" 6]] 2)","length (influencer-distance-paths (media 500) (one-of citizens with [dict-value brain ""A"" = 2]) [[""A"" 6]] 2)","length (influencer-distance-paths (media 500) (one-of citizens with [dict-value brain ""A"" = 3]) [[""A"" 6]] 2)","length (influencer-distance-paths (media 500) (one-of citizens with [dict-value brain ""A"" = 4]) [[""A"" 6]] 2)","length (influencer-distance-paths (media 500) (one-of citizens with [dict-value brain ""A"" = 5]) [[""A"" 6]] 2)","length (influencer-distance-paths (media 500) (one-of citizens with [dict-value brain ""A"" = 6]) [[""A"" 6]] 2)","length (influencer-distance-paths (media 500) (one-of citizens with [dict-value brain ""A"" = 0]) [[""A"" 6]] 2)","length (influencer-distance-paths (media 500) (one-of citizens with [dict-value brain ""A"" = 1]) [[""A"" 6]] 2)","length (influencer-distance-paths (media 500) (one-of citizens with [dict-value brain ""A"" = 2]) [[""A"" 6]] 2)","length (influencer-distance-paths (media 500) (one-of citizens with [dict-value brain ""A"" = 3]) [[""A"" 6]] 2)","length (influencer-distance-paths (media 500) (one-of citizens with [dict-value brain ""A"" = 4]) [[""A"" 6]] 2)","length (influencer-distance-paths (media 500) (one-of citizens with [dict-value brain ""A"" = 5]) [[""A"" 6]] 2)","length (influencer-distance-paths (media 500) (one-of citizens with [dict-value brain ""A"" = 6]) [[""A"" 6]] 2)","length (influencer-distance-paths (media 500) (one-of citizens with [dict-value brain ""A"" = 0]) [[""A"" 6]] 2)","length (influencer-distance-paths (media 500) (one-of citizens with [dict-value brain ""A"" = 1]) [[""A"" 6]] 2)","length (influencer-distance-paths (media 500) (one-of citizens with [dict-value brain ""A"" = 2]) [[""A"" 6]] 2)","length (influencer-distance-paths (media 500) (one-of citizens with [dict-value brain ""A"" = 3]) [[""A"" 6]] 2)","length (influencer-distance-paths (media 500) (one-of citizens with [dict-value brain ""A"" = 4]) [[""A"" 6]] 2)","length (influencer-distance-paths (media 500) (one-of citizens with [dict-value brain ""A"" = 5]) [[""A"" 6]] 2)","length (influencer-distance-paths (media 500) (one-of citizens with [dict-value brain ""A"" = 6]) [[""A"" 6]] 2)","length (influencer-distance-paths (media 500) (one-of citizens with [dict-value brain ""A"" = 0]) [[""A"" 6]] 2)","length (influencer-distance-paths (media 500) (one-of citizens with [dict-value brain ""A"" = 1]) [[""A"" 6]] 2)","length (influencer-distance-paths (media 500) (one-of citizens with [dict-value brain ""A"" = 2]) [[""A"" 6]] 2)","length (influencer-distance-paths (media 500) (one-of citizens with [dict-value brain ""A"" = 3]) [[""A"" 6]] 2)","length (influencer-distance-paths (media 500) (one-of citizens with [dict-value brain ""A"" = 4]) [[""A"" 6]] 2)","length (influencer-distance-paths (media 500) (one-of citizens with [dict-value brain ""A"" = 5]) [[""A"" 6]] 2)","length (influencer-distance-paths (media 500) (one-of citizens with [dict-value brain ""A"" = 6]) [[""A"" 6]] 2)","length (influencer-distance-paths (media 500) (one-of citizens with [dict-value brain ""A"" = 0]) [[""A"" 6]] 2)","length (influencer-distance-paths (media 500) (one-of citizens with [dict-value brain ""A"" = 1]) [[""A"" 6]] 2)","length (influencer-distance-paths (media 500) (one-of citizens with [dict-value brain ""A"" = 2]) [[""A"" 6]] 2)","length (influencer-distance-paths (media 500) (one-of citizens with [dict-value brain ""A"" = 3]) [[""A"" 6]] 2)","length (influencer-distance-paths (media 500) (one-of citizens with [dict-value brain ""A"" = 4]) [[""A"" 6]] 2)","length (influencer-distance-paths (media 500) (one-of citizens with [dict-value brain ""A"" = 5]) [[""A"" 6]] 2)","length (influencer-distance-paths (media 500) (one-of citizens with [dict-value brain ""A"" = 6]) [[""A"" 6]] 2)","length (influencer-distance-paths (media 500) (one-of citizens with [dict-value brain ""A"" = 0]) [[""A"" 6]] 2)","length (influencer-distance-paths (media 500) (one-of citizens with [dict-value brain ""A"" = 1]) [[""A"" 6]] 2)","length (influencer-distance-paths (media 500) (one-of citizens with [dict-value brain ""A"" = 2]) [[""A"" 6]] 2)","length (influencer-distance-paths (media 500) (one-of citizens with [dict-value brain ""A"" = 3]) [[""A"" 6]] 2)","length (influencer-distance-paths (media 500) (one-of citizens with [dict-value brain ""A"" = 4]) [[""A"" 6]] 2)","length (influencer-distance-paths (media 500) (one-of citizens with [dict-value brain ""A"" = 5]) [[""A"" 6]] 2)","length (influencer-distance-paths (media 500) (one-of citizens with [dict-value brain ""A"" = 6]) [[""A"" 6]] 2)","length (influencer-distance-paths (media 500) (one-of citizens with [dict-value brain ""A"" = 0]) [[""A"" 6]] 2)","length (influencer-distance-paths (media 500) (one-of citizens with [dict-value brain ""A"" = 1]) [[""A"" 6]] 2)","length (influencer-distance-paths (media 500) (one-of citizens with [dict-value brain ""A"" = 2]) [[""A"" 6]] 2)","length (influencer-distance-paths (media 500) (one-of citizens with [dict-value brain ""A"" = 3]) [[""A"" 6]] 2)","length (influencer-distance-paths (media 500) (one-of citizens with [dict-value brain ""A"" = 4]) [[""A"" 6]] 2)","length (influencer-distance-paths (media 500) (one-of citizens with [dict-value brain ""A"" = 5]) [[""A"" 6]] 2)","length (influencer-distance-paths (media 500) (one-of citizens with [dict-value brain ""A"" = 6]) [[""A"" 6]] 2)","length (influencer-distance-paths (media 500) (one-of citizens with [dict-value brain ""A"" = 0]) [[""A"" 6]] 2)","length (influencer-distance-paths (media 500) (one-of citizens with [dict-value brain ""A"" = 1]) [[""A"" 6]] 2)","length (influencer-distance-paths (media 500) (one-of citizens with [dict-value brain ""A"" = 2]) [[""A"" 6]] 2)","length (influencer-distance-paths (media 500) (one-of citizens with [dict-value brain ""A"" = 3]) [[""A"" 6]] 2)","length (influencer-distance-paths (media 500) (one-of citizens with [dict-value brain ""A"" = 4]) [[""A"" 6]] 2)","length (influencer-distance-paths (media 500) (one-of citizens with [dict-value brain ""A"" = 5]) [[""A"" 6]] 2)","length (influencer-distance-paths (media 500) (one-of citizens with [dict-value brain ""A"" = 6]) [[""A"" 6]] 2)","length (influencer-distance-paths (media 500) (one-of citizens with [dict-value brain ""A"" = 0]) [[""A"" 6]] 2)","length (influencer-distance-paths (media 500) (one-of citizens with [dict-value brain ""A"" = 1]) [[""A"" 6]] 2)","length (influencer-distance-paths (media 500) (one-of citizens with [dict-value brain ""A"" = 2]) [[""A"" 6]] 2)","length (influencer-distance-paths (media 500) (one-of citizens with [dict-value brain ""A"" = 3]) [[""A"" 6]] 2)","length (influencer-distance-paths (media 500) (one-of citizens with [dict-value brain ""A"" = 4]) [[""A"" 6]] 2)","length (influencer-distance-paths (media 500) (one-of citizens with [dict-value brain ""A"" = 5]) [[""A"" 6]] 2)","length (influencer-distance-paths (media 500) (one-of citizens with [dict-value brain ""A"" = 6]) [[""A"" 6]] 2)","length (influencer-distance-paths (media 500) (one-of citizens with [dict-value brain ""A"" = 0]) [[""A"" 6]] 2)","length (influencer-distance-paths (media 500) (one-of citizens with [dict-value brain ""A"" = 1]) [[""A"" 6]] 2)","length (influencer-distance-paths (media 500) (one-of citizens with [dict-value brain ""A"" = 2]) [[""A"" 6]] 2)","length (influencer-distance-paths (media 500) (one-of citizens with [dict-value brain ""A"" = 3]) [[""A"" 6]] 2)","length (influencer-distance-paths (media 500) (one-of citizens with [dict-value brain ""A"" = 4]) [[""A"" 6]] 2)","length (influencer-distance-paths (media 500) (one-of citizens with [dict-value brain ""A"" = 5]) [[""A"" 6]] 2)","length (influencer-distance-paths (media 500) (one-of citizens with [dict-value brain ""A"" = 6]) [[""A"" 6]] 2)","length (influencer-distance-paths (media 500) (one-of citizens with [dict-value brain ""A"" = 0]) [[""A"" 6]] 2)","length (influencer-distance-paths (media 500) (one-of citizens with [dict-value brain ""A"" = 1]) [[""A"" 6]] 2)","length (influencer-distance-paths (media 500) (one-of citizens with [dict-value brain ""A"" = 2]) [[""A"" 6]] 2)","length (influencer-distance-paths (media 500) (one-of citizens with [dict-value brain ""A"" = 3]) [[""A"" 6]] 2)","length (influencer-distance-paths (media 500) (one-of citizens with [dict-value brain ""A"" = 4]) [[""A"" 6]] 2)","length (influencer-distance-paths (media 500) (one-of citizens with [dict-value brain ""A"" = 5]) [[""A"" 6]] 2)","length (influencer-distance-paths (media 500) (one-of citizens with [dict-value brain ""A"" = 6]) [[""A"" 6]] 2)","length (influencer-distance-paths (media 500) (one-of citizens with [dict-value brain ""A"" = 0]) [[""A"" 6]] 2)","length (influencer-distance-paths (media 500) (one-of citizens with [dict-value brain ""A"" = 1]) [[""A"" 6]] 2)","length (influencer-distance-paths (media 500) (one-of citizens with [dict-value brain ""A"" = 2]) [[""A"" 6]] 2)","length (influencer-distance-paths (media 500) (one-of citizens with [dict-value brain ""A"" = 3]) [[""A"" 6]] 2)","length (influencer-distance-paths (media 500) (one-of citizens with [dict-value brain ""A"" = 4]) [[""A"" 6]] 2)","length (influencer-distance-paths (media 500) (one-of citizens with [dict-value brain ""A"" = 5]) [[""A"" 6]] 2)","length (influencer-distance-paths (media 500) (one-of citizens with [dict-value brain ""A"" = 6]) [[""A"" 6]] 2)","length (influencer-distance-paths (media 500) (one-of citizens with [dict-value brain ""A"" = 0]) [[""A"" 6]] 2)","length (influencer-distance-paths (media 500) (one-of citizens with [dict-value brain ""A"" = 1]) [[""A"" 6]] 2)","length (influencer-distance-paths (media 500) (one-of citizens with [dict-value brain ""A"" = 2]) [[""A"" 6]] 2)","length (influencer-distance-paths (media 500) (one-of citizens with [dict-value brain ""A"" = 3]) [[""A"" 6]] 2)","length (influencer-distance-paths (media 500) (one-of citizens with [dict-value brain ""A"" = 4]) [[""A"" 6]] 2)","length (influencer-distance-paths (media 500) (one-of citizens with [dict-value brain ""A"" = 5]) [[""A"" 6]] 2)","length (influencer-distance-paths (media 500) (one-of citizens with [dict-value brain ""A"" = 6]) [[""A"" 6]] 2)","length (influencer-distance-paths (media 500) (one-of citizens with [dict-value brain ""A"" = 0]) [[""A"" 6]] 2)","length (influencer-distance-paths (media 500) (one-of citizens with [dict-value brain ""A"" = 1]) [[""A"" 6]] 2)","length (influencer-distance-paths (media 500) (one-of citizens with [dict-value brain ""A"" = 2]) [[""A"" 6]] 2)","length (influencer-distance-paths (media 500) (one-of citizens with [dict-value brain ""A"" = 3]) [[""A"" 6]] 2)","length (influencer-distance-paths (media 500) (one-of citizens with [dict-value brain ""A"" = 4]) [[""A"" 6]] 2)","length (influencer-distance-paths (media 500) (one-of citizens with [dict-value brain ""A"" = 5]) [[""A"" 6]] 2)","length (influencer-distance-paths (media 500) (one-of citizens with [dict-value brain ""A"" = 6]) [[""A"" 6]] 2)","length (influencer-distance-paths (media 500) (one-of citizens with [dict-value brain ""A"" = 0]) [[""A"" 6]] 2)","length (influencer-distance-paths (media 500) (one-of citizens with [dict-value brain ""A"" = 1]) [[""A"" 6]] 2)","length (influencer-distance-paths (media 500) (one-of citizens with [dict-value brain ""A"" = 2]) [[""A"" 6]] 2)","length (influencer-distance-paths (media 500) (one-of citizens with [dict-value brain ""A"" = 3]) [[""A"" 6]] 2)","length (influencer-distance-paths (media 500) (one-of citizens with [dict-value brain ""A"" = 4]) [[""A"" 6]] 2)","length (influencer-distance-paths (media 500) (one-of citizens with [dict-value brain ""A"" = 5]) [[""A"" 6]] 2)","length (influencer-distance-paths (media 500) (one-of citizens with [dict-value brain ""A"" = 6]) [[""A"" 6]] 2)","length (influencer-distance-paths (media 500) (one-of citizens with [dict-value brain ""A"" = 0]) [[""A"" 6]] 2)","length (influencer-distance-paths (media 500) (one-of citizens with [dict-value brain ""A"" = 1]) [[""A"" 6]] 2)","length (influencer-distance-paths (media 500) (one-of citizens with [dict-value brain ""A"" = 2]) [[""A"" 6]] 2)","length (influencer-distance-paths (media 500) (one-of citizens with [dict-value brain ""A"" = 3]) [[""A"" 6]] 2)","length (influencer-distance-paths (media 500) (one-of citizens with [dict-value brain ""A"" = 4]) [[""A"" 6]] 2)","length (influencer-distance-paths (media 500) (one-of citizens with [dict-value brain ""A"" = 5]) [[""A"" 6]] 2)","length (influencer-distance-paths (media 500) (one-of citizens with [dict-value brain ""A"" = 6]) [[""A"" 6]] 2)","length (influencer-distance-paths (media 500) (one-of citizens with [dict-value brain ""A"" = 0]) [[""A"" 6]] 2)","length (influencer-distance-paths (media 500) (one-of citizens with [dict-value brain ""A"" = 1]) [[""A"" 6]] 2)","length (influencer-distance-paths (media 500) (one-of citizens with [dict-value brain ""A"" = 2]) [[""A"" 6]] 2)","length (influencer-distance-paths (media 500) (one-of citizens with [dict-value brain ""A"" = 3]) [[""A"" 6]] 2)","length (influencer-distance-paths (media 500) (one-of citizens with [dict-value brain ""A"" = 4]) [[""A"" 6]] 2)","length (influencer-distance-paths (media 500) (one-of citizens with [dict-value brain ""A"" = 5]) [[""A"" 6]] 2)","length (influencer-distance-paths (media 500) (one-of citizens with [dict-value brain ""A"" = 6]) [[""A"" 6]] 2)","length (influencer-distance-paths (media 500) (one-of citizens with [dict-value brain ""A"" = 0]) [[""A"" 6]] 2)","length (influencer-distance-paths (media 500) (one-of citizens with [dict-value brain ""A"" = 1]) [[""A"" 6]] 2)","length (influencer-distance-paths (media 500) (one-of citizens with [dict-value brain ""A"" = 2]) [[""A"" 6]] 2)","length (influencer-distance-paths (media 500) (one-of citizens with [dict-value brain ""A"" = 3]) [[""A"" 6]] 2)","length (influencer-distance-paths (media 500) (one-of citizens with [dict-value brain ""A"" = 4]) [[""A"" 6]] 2)","length (influencer-distance-paths (media 500) (one-of citizens with [dict-value brain ""A"" = 5]) [[""A"" 6]] 2)","length (influencer-distance-paths (media 500) (one-of citizens with [dict-value brain ""A"" = 6]) [[""A"" 6]] 2)","length (influencer-distance-paths (media 500) (one-of citizens with [dict-value brain ""A"" = 0]) [[""A"" 6]] 2)","length (influencer-distance-paths (media 500) (one-of citizens with [dict-value brain ""A"" = 1]) [[""A"" 6]] 2)","length (influencer-distance-paths (media 500) (one-of citizens with [dict-value brain ""A"" = 2]) [[""A"" 6]] 2)","length (influencer-distance-paths (media 500) (one-of citizens with [dict-value brain ""A"" = 3]) [[""A"" 6]] 2)","length (influencer-distance-paths (media 500) (one-of citizens with [dict-value brain ""A"" = 4]) [[""A"" 6]] 2)","length (influencer-distance-paths (media 500) (one-of citizens with [dict-value brain ""A"" = 5]) [[""A"" 6]] 2)","length (influencer-distance-paths (media 500) (one-of citizens with [dict-value brain ""A"" = 6]) [[""A"" 6]] 2)","length (influencer-distance-paths (media 500) (one-of citizens with [dict-value brain ""A"" = 0]) [[""A"" 6]] 2)","length (influencer-distance-paths (media 500) (one-of citizens with [dict-value brain ""A"" = 1]) [[""A"" 6]] 2)","length (influencer-distance-paths (media 500) (one-of citizens with [dict-value brain ""A"" = 2]) [[""A"" 6]] 2)","length (influencer-distance-paths (media 500) (one-of citizens with [dict-value brain ""A"" = 3]) [[""A"" 6]] 2)","length (influencer-distance-paths (media 500) (one-of citizens with [dict-value brain ""A"" = 4]) [[""A"" 6]] 2)","length (influencer-distance-paths (media 500) (one-of citizens with [dict-value brain ""A"" = 5]) [[""A"" 6]] 2)","length (influencer-distance-paths (media 500) (one-of citizens with [dict-value brain ""A"" = 6]) [[""A"" 6]] 2)","length (influencer-distance-paths (media 500) (one-of citizens with [dict-value brain ""A"" = 0]) [[""A"" 6]] 2)","length (influencer-distance-paths (media 500) (one-of citizens with [dict-value brain ""A"" = 1]) [[""A"" 6]] 2)","length (influencer-distance-paths (media 500) (one-of citizens with [dict-value brain ""A"" = 2]) [[""A"" 6]] 2)","length (influencer-distance-paths (media 500) (one-of citizens with [dict-value brain ""A"" = 3]) [[""A"" 6]] 2)","length (influencer-distance-paths (media 500) (one-of citizens with [dict-value brain ""A"" = 4]) [[""A"" 6]] 2)","length (influencer-distance-paths (media 500) (one-of citizens with [dict-value brain ""A"" = 5]) [[""A"" 6]] 2)","length (influencer-distance-paths (media 500) (one-of citizens with [dict-value brain ""A"" = 6]) [[""A"" 6]] 2)","length (influencer-distance-paths (media 500) (one-of citizens with [dict-value brain ""A"" = 0]) [[""A"" 6]] 2)","length (influencer-distance-paths (media 500) (one-of citizens with [dict-value brain ""A"" = 1]) [[""A"" 6]] 2)","length (influencer-distance-paths (media 500) (one-of citizens with [dict-value brain ""A"" = 2]) [[""A"" 6]] 2)","length (influencer-distance-paths (media 500) (one-of citizens with [dict-value brain ""A"" = 3]) [[""A"" 6]] 2)","length (influencer-distance-paths (media 500) (one-of citizens with [dict-value brain ""A"" = 4]) [[""A"" 6]] 2)","length (influencer-distance-paths (media 500) (one-of citizens with [dict-value brain ""A"" = 5]) [[""A"" 6]] 2)","length (influencer-distance-paths (media 500) (one-of citizens with [dict-value brain ""A"" = 6]) [[""A"" 6]] 2)","length (influencer-distance-paths (media 500) (one-of citizens with [dict-value brain ""A"" = 0]) [[""A"" 6]] 2)","length (influencer-distance-paths (media 500) (one-of citizens with [dict-value brain ""A"" = 1]) [[""A"" 6]] 2)","length (influencer-distance-paths (media 500) (one-of citizens with [dict-value brain ""A"" = 2]) [[""A"" 6]] 2)","length (influencer-distance-paths (media 500) (one-of citizens with [dict-value brain ""A"" = 3]) [[""A"" 6]] 2)","length (influencer-distance-paths (media 500) (one-of citizens with [dict-value brain ""A"" = 4]) [[""A"" 6]] 2)","length (influencer-distance-paths (media 500) (one-of citizens with [dict-value brain ""A"" = 5]) [[""A"" 6]] 2)","length (influencer-distance-paths (media 500) (one-of citizens with [dict-value brain ""A"" = 6]) [[""A"" 6]] 2)","length (influencer-distance-paths (media 500) (one-of citizens with [dict-value brain ""A"" = 0]) [[""A"" 6]] 2)","length (influencer-distance-paths (media 500) (one-of citizens with [dict-value brain ""A"" = 1]) [[""A"" 6]] 2)","length (influencer-distance-paths (media 500) (one-of citizens with [dict-value brain ""A"" = 2]) [[""A"" 6]] 2)","length (influencer-distance-paths (media 500) (one-of citizens with [dict-value brain ""A"" = 3]) [[""A"" 6]] 2)","length (influencer-distance-paths (media 500) (one-of citizens with [dict-value brain ""A"" = 4]) [[""A"" 6]] 2)","length (influencer-distance-paths (media 500) (one-of citizens with [dict-value brain ""A"" = 5]) [[""A"" 6]] 2)","length (influencer-distance-paths (media 500) (one-of citizens with [dict-value brain ""A"" = 6]) [[""A"" 6]] 2)"
,0,0,0,0,53,54,39,0,0,0,0,56,38,31,0,0,0,0,34,45,1,0,0,0,0,41,70,75,0,0,0,0,35,40,61,0,0,0,0,43,28,49,0,0,0,0,43,32,52,0,0,0,0,64,55,38,0,0,0,0,22,26,30,0,0,0,0,25,50,30,0,0,0,0,0,0,1,0,0,0,0,13,1,9,0,0,0,0,24,0,42,0,0,0,0,14,42,40,0,0,0,0,21,46,32,0,0,0,0,47,48,48,0,0,0,0,2,30,1,0,0,0,0,37,38,25,0,0,0,0,46,37,4,0,0,0,0,42,51,1,0,0,0,0,0,0,1,0,0,0,0,0,18,1,0,0,0,0,0,0,3,0,0,0,0,4,1,27,0,0,0,0,0,3,9,0,0,0,0,1,19,23,0,0,0,0,2,0,1,0,0,0,0,18,20,18,0,0,0,0,1,16,19,0,0,0,0,2,6,9,0,0,0,0,70,70,70,0,0,0,0,60,60,60,0,0,0,0,74,74,74,0,0,0,0,62,62,62,0,0,0,0,71,71,71,0,0,0,0,69,69,69,0,0,0,0,73,74,74,0,0,0,0,83,83,83,0,0,0,0,60,60,60,0,0,0,0,60,60,60
,,,,,,,,,,,,,,,,,,,,,,,,,,,,,,,,,,,,,,,,,,,,,,,,,,,,,,,,,,,,,,,,,,,,,,,,,,,,,,,,,,,,,,,,,,,,,,,,,,,,,,,,,,,,,,,,,,,,,,,,,,,,,,,,,,,,,,,,,,,,,,,,,,,,,,,,,,,,,,,,,,,,,,,,,,,,,,,,,,,,,,,,,,,,,,,,,,,,,,,,,,,,,,,,,,,,,,,,,,,,,,,,,,,,,,,,,,,,,,,,,,,,,,,,,,,,,,,,,,,,,,,,,,,,,,,,,,,,,,,,
,Brain A=0,Brain A=1,Brain A=2,Brain A=3,Brain A=4,Brain A=5,Brain A=6,,,,,,,,,,,,,,,,,,,,,,,,,,,,,,,,,,,,,,,,,,,,,,,,,,,,,,,,,,,,,,,,,,,,,,,,,,,,,,,,,,,,,,,,,,,,,,,,,,,,,,,,,,,,,,,,,,,,,,,,,,,,,,,,,,,,,,,,,,,,,,,,,,,,,,,,,,,,,,,,,,,,,,,,,,,,,,,,,,,,,,,,,,,,,,,,,,,,,,,,,,,,,,,,,,,,,,,,,,,,,,,,,,,,,,,,,,,,,,,,,,,,,,,,,,,,,,,,,,,,,,,,,,,,,,,,,
ER,0,0,0,0,53,54,39,Run 1,,,,,,,,,,,,,,,,,,,,,,,,,,,,,,,,,,,,,,,,,,,,,,,,,,,,,,,,,,,,,,,,,,,,,,,,,,,,,,,,,,,,,,,,,,,,,,,,,,,,,,,,,,,,,,,,,,,,,,,,,,,,,,,,,,,,,,,,,,,,,,,,,,,,,,,,,,,,,,,,,,,,,,,,,,,,,,,,,,,,,,,,,,,,,,,,,,,,,,,,,,,,,,,,,,,,,,,,,,,,,,,,,,,,,,,,,,,,,,,,,,,,,,,,,,,,,,,,,,,,,,,,,,,,,,,,
,0,0,0,0,56,38,31,Run 2,,,,,,,,,,,,,,,,,,,,,,,,,,,,,,,,,,,,,,,,,,,,,,,,,,,,,,,,,,,,,,,,,,,,,,,,,,,,,,,,,,,,,,,,,,,,,,,,,,,,,,,,,,,,,,,,,,,,,,,,,,,,,,,,,,,,,,,,,,,,,,,,,,,,,,,,,,,,,,,,,,,,,,,,,,,,,,,,,,,,,,,,,,,,,,,,,,,,,,,,,,,,,,,,,,,,,,,,,,,,,,,,,,,,,,,,,,,,,,,,,,,,,,,,,,,,,,,,,,,,,,,,,,,,,,,,
,0,0,0,0,34,45,1,Run 3,,,,,,,,,,,,,,,,,,,,,,,,,,,,,,,,,,,,,,,,,,,,,,,,,,,,,,,,,,,,,,,,,,,,,,,,,,,,,,,,,,,,,,,,,,,,,,,,,,,,,,,,,,,,,,,,,,,,,,,,,,,,,,,,,,,,,,,,,,,,,,,,,,,,,,,,,,,,,,,,,,,,,,,,,,,,,,,,,,,,,,,,,,,,,,,,,,,,,,,,,,,,,,,,,,,,,,,,,,,,,,,,,,,,,,,,,,,,,,,,,,,,,,,,,,,,,,,,,,,,,,,,,,,,,,,,
,0,0,0,0,41,70,75,Run 4,,,,,,,,,,,,,,,,,,,,,,,,,,,,,,,,,,,,,,,,,,,,,,,,,,,,,,,,,,,,,,,,,,,,,,,,,,,,,,,,,,,,,,,,,,,,,,,,,,,,,,,,,,,,,,,,,,,,,,,,,,,,,,,,,,,,,,,,,,,,,,,,,,,,,,,,,,,,,,,,,,,,,,,,,,,,,,,,,,,,,,,,,,,,,,,,,,,,,,,,,,,,,,,,,,,,,,,,,,,,,,,,,,,,,,,,,,,,,,,,,,,,,,,,,,,,,,,,,,,,,,,,,,,,,,,,
,0,0,0,0,35,40,61,Run 5,,,,,,,,,,,,,,,,,,,,,,,,,,,,,,,,,,,,,,,,,,,,,,,,,,,,,,,,,,,,,,,,,,,,,,,,,,,,,,,,,,,,,,,,,,,,,,,,,,,,,,,,,,,,,,,,,,,,,,,,,,,,,,,,,,,,,,,,,,,,,,,,,,,,,,,,,,,,,,,,,,,,,,,,,,,,,,,,,,,,,,,,,,,,,,,,,,,,,,,,,,,,,,,,,,,,,,,,,,,,,,,,,,,,,,,,,,,,,,,,,,,,,,,,,,,,,,,,,,,,,,,,,,,,,,,,
,0,0,0,0,43,28,49,Run 6,,,,,,,,,,,,,,,,,,,,,,,,,,,,,,,,,,,,,,,,,,,,,,,,,,,,,,,,,,,,,,,,,,,,,,,,,,,,,,,,,,,,,,,,,,,,,,,,,,,,,,,,,,,,,,,,,,,,,,,,,,,,,,,,,,,,,,,,,,,,,,,,,,,,,,,,,,,,,,,,,,,,,,,,,,,,,,,,,,,,,,,,,,,,,,,,,,,,,,,,,,,,,,,,,,,,,,,,,,,,,,,,,,,,,,,,,,,,,,,,,,,,,,,,,,,,,,,,,,,,,,,,,,,,,,,,
,0,0,0,0,43,32,52,Run 7,,,,,,,,,,,,,,,,,,,,,,,,,,,,,,,,,,,,,,,,,,,,,,,,,,,,,,,,,,,,,,,,,,,,,,,,,,,,,,,,,,,,,,,,,,,,,,,,,,,,,,,,,,,,,,,,,,,,,,,,,,,,,,,,,,,,,,,,,,,,,,,,,,,,,,,,,,,,,,,,,,,,,,,,,,,,,,,,,,,,,,,,,,,,,,,,,,,,,,,,,,,,,,,,,,,,,,,,,,,,,,,,,,,,,,,,,,,,,,,,,,,,,,,,,,,,,,,,,,,,,,,,,,,,,,,,
,0,0,0,0,64,55,38,Run 8,,,,,,,,,,,,,,,,,,,,,,,,,,,,,,,,,,,,,,,,,,,,,,,,,,,,,,,,,,,,,,,,,,,,,,,,,,,,,,,,,,,,,,,,,,,,,,,,,,,,,,,,,,,,,,,,,,,,,,,,,,,,,,,,,,,,,,,,,,,,,,,,,,,,,,,,,,,,,,,,,,,,,,,,,,,,,,,,,,,,,,,,,,,,,,,,,,,,,,,,,,,,,,,,,,,,,,,,,,,,,,,,,,,,,,,,,,,,,,,,,,,,,,,,,,,,,,,,,,,,,,,,,,,,,,,,
,0,0,0,0,22,26,30,Run 9,,,,,,,,,,,,,,,,,,,,,,,,,,,,,,,,,,,,,,,,,,,,,,,,,,,,,,,,,,,,,,,,,,,,,,,,,,,,,,,,,,,,,,,,,,,,,,,,,,,,,,,,,,,,,,,,,,,,,,,,,,,,,,,,,,,,,,,,,,,,,,,,,,,,,,,,,,,,,,,,,,,,,,,,,,,,,,,,,,,,,,,,,,,,,,,,,,,,,,,,,,,,,,,,,,,,,,,,,,,,,,,,,,,,,,,,,,,,,,,,,,,,,,,,,,,,,,,,,,,,,,,,,,,,,,,,
,0,0,0,0,25,50,30,Run 10,,,,,,,,,,,,,,,,,,,,,,,,,,,,,,,,,,,,,,,,,,,,,,,,,,,,,,,,,,,,,,,,,,,,,,,,,,,,,,,,,,,,,,,,,,,,,,,,,,,,,,,,,,,,,,,,,,,,,,,,,,,,,,,,,,,,,,,,,,,,,,,,,,,,,,,,,,,,,,,,,,,,,,,,,,,,,,,,,,,,,,,,,,,,,,,,,,,,,,,,,,,,,,,,,,,,,,,,,,,,,,,,,,,,,,,,,,,,,,,,,,,,,,,,,,,,,,,,,,,,,,,,,,,,,,,,
mean,0,0,0,0,41.6,43.8,40.6,,,,,,,,,,,,,,,,,,,,,,,,,,,,,,,,,,,,,,,,,,,,,,,,,,,,,,,,,,,,,,,,,,,,,,,,,,,,,,,,,,,,,,,,,,,,,,,,,,,,,,,,,,,,,,,,,,,,,,,,,,,,,,,,,,,,,,,,,,,,,,,,,,,,,,,,,,,,,,,,,,,,,,,,,,,,,,,,,,,,,,,,,,,,,,,,,,,,,,,,,,,,,,,,,,,,,,,,,,,,,,,,,,,,,,,,,,,,,,,,,,,,,,,,,,,,,,,,,,,,,,,,,,,,,,,,,
std,0,0,0,0,13.35165408,13.78243649,20.26052539,,,,,,,,,,,,,,,,,,,,,,,,,,,,,,,,,,,,,,,,,,,,,,,,,,,,,,,,,,,,,,,,,,,,,,,,,,,,,,,,,,,,,,,,,,,,,,,,,,,,,,,,,,,,,,,,,,,,,,,,,,,,,,,,,,,,,,,,,,,,,,,,,,,,,,,,,,,,,,,,,,,,,,,,,,,,,,,,,,,,,,,,,,,,,,,,,,,,,,,,,,,,,,,,,,,,,,,,,,,,,,,,,,,,,,,,,,,,,,,,,,,,,,,,,,,,,,,,,,,,,,,,,,,,,,,,,
% over 1,0,0,0,0,1,1,1,,,,,,,,,,,,,,,,,,,,,,,,,,,,,,,,,,,,,,,,,,,,,,,,,,,,,,,,,,,,,,,,,,,,,,,,,,,,,,,,,,,,,,,,,,,,,,,,,,,,,,,,,,,,,,,,,,,,,,,,,,,,,,,,,,,,,,,,,,,,,,,,,,,,,,,,,,,,,,,,,,,,,,,,,,,,,,,,,,,,,,,,,,,,,,,,,,,,,,,,,,,,,,,,,,,,,,,,,,,,,,,,,,,,,,,,,,,,,,,,,,,,,,,,,,,,,,,,,,,,,,,,,,,,,,,,,
,,,,,,,,,,,,,,,,,,,,,,,,,,,,,,,,,,,,,,,,,,,,,,,,,,,,,,,,,,,,,,,,,,,,,,,,,,,,,,,,,,,,,,,,,,,,,,,,,,,,,,,,,,,,,,,,,,,,,,,,,,,,,,,,,,,,,,,,,,,,,,,,,,,,,,,,,,,,,,,,,,,,,,,,,,,,,,,,,,,,,,,,,,,,,,,,,,,,,,,,,,,,,,,,,,,,,,,,,,,,,,,,,,,,,,,,,,,,,,,,,,,,,,,,,,,,,,,,,,,,,,,,,,,,,,,,,,,,,,,,
BA,0,0,0,0,0,0,1,Run 1,,,,,,,,,,,,,,,,,,,,,,,,,,,,,,,,,,,,,,,,,,,,,,,,,,,,,,,,,,,,,,,,,,,,,,,,,,,,,,,,,,,,,,,,,,,,,,,,,,,,,,,,,,,,,,,,,,,,,,,,,,,,,,,,,,,,,,,,,,,,,,,,,,,,,,,,,,,,,,,,,,,,,,,,,,,,,,,,,,,,,,,,,,,,,,,,,,,,,,,,,,,,,,,,,,,,,,,,,,,,,,,,,,,,,,,,,,,,,,,,,,,,,,,,,,,,,,,,,,,,,,,,,,,,,,,,
,0,0,0,0,13,1,9,Run 2,,,,,,,,,,,,,,,,,,,,,,,,,,,,,,,,,,,,,,,,,,,,,,,,,,,,,,,,,,,,,,,,,,,,,,,,,,,,,,,,,,,,,,,,,,,,,,,,,,,,,,,,,,,,,,,,,,,,,,,,,,,,,,,,,,,,,,,,,,,,,,,,,,,,,,,,,,,,,,,,,,,,,,,,,,,,,,,,,,,,,,,,,,,,,,,,,,,,,,,,,,,,,,,,,,,,,,,,,,,,,,,,,,,,,,,,,,,,,,,,,,,,,,,,,,,,,,,,,,,,,,,,,,,,,,,,
,0,0,0,0,24,0,42,Run 3,,,,,,,,,,,,,,,,,,,,,,,,,,,,,,,,,,,,,,,,,,,,,,,,,,,,,,,,,,,,,,,,,,,,,,,,,,,,,,,,,,,,,,,,,,,,,,,,,,,,,,,,,,,,,,,,,,,,,,,,,,,,,,,,,,,,,,,,,,,,,,,,,,,,,,,,,,,,,,,,,,,,,,,,,,,,,,,,,,,,,,,,,,,,,,,,,,,,,,,,,,,,,,,,,,,,,,,,,,,,,,,,,,,,,,,,,,,,,,,,,,,,,,,,,,,,,,,,,,,,,,,,,,,,,,,,
,0,0,0,0,14,42,40,Run 4,,,,,,,,,,,,,,,,,,,,,,,,,,,,,,,,,,,,,,,,,,,,,,,,,,,,,,,,,,,,,,,,,,,,,,,,,,,,,,,,,,,,,,,,,,,,,,,,,,,,,,,,,,,,,,,,,,,,,,,,,,,,,,,,,,,,,,,,,,,,,,,,,,,,,,,,,,,,,,,,,,,,,,,,,,,,,,,,,,,,,,,,,,,,,,,,,,,,,,,,,,,,,,,,,,,,,,,,,,,,,,,,,,,,,,,,,,,,,,,,,,,,,,,,,,,,,,,,,,,,,,,,,,,,,,,,
,0,0,0,0,21,46,32,Run 5,,,,,,,,,,,,,,,,,,,,,,,,,,,,,,,,,,,,,,,,,,,,,,,,,,,,,,,,,,,,,,,,,,,,,,,,,,,,,,,,,,,,,,,,,,,,,,,,,,,,,,,,,,,,,,,,,,,,,,,,,,,,,,,,,,,,,,,,,,,,,,,,,,,,,,,,,,,,,,,,,,,,,,,,,,,,,,,,,,,,,,,,,,,,,,,,,,,,,,,,,,,,,,,,,,,,,,,,,,,,,,,,,,,,,,,,,,,,,,,,,,,,,,,,,,,,,,,,,,,,,,,,,,,,,,,,
,0,0,0,0,47,48,48,Run 6,,,,,,,,,,,,,,,,,,,,,,,,,,,,,,,,,,,,,,,,,,,,,,,,,,,,,,,,,,,,,,,,,,,,,,,,,,,,,,,,,,,,,,,,,,,,,,,,,,,,,,,,,,,,,,,,,,,,,,,,,,,,,,,,,,,,,,,,,,,,,,,,,,,,,,,,,,,,,,,,,,,,,,,,,,,,,,,,,,,,,,,,,,,,,,,,,,,,,,,,,,,,,,,,,,,,,,,,,,,,,,,,,,,,,,,,,,,,,,,,,,,,,,,,,,,,,,,,,,,,,,,,,,,,,,,,
,0,0,0,0,2,30,1,Run 7,,,,,,,,,,,,,,,,,,,,,,,,,,,,,,,,,,,,,,,,,,,,,,,,,,,,,,,,,,,,,,,,,,,,,,,,,,,,,,,,,,,,,,,,,,,,,,,,,,,,,,,,,,,,,,,,,,,,,,,,,,,,,,,,,,,,,,,,,,,,,,,,,,,,,,,,,,,,,,,,,,,,,,,,,,,,,,,,,,,,,,,,,,,,,,,,,,,,,,,,,,,,,,,,,,,,,,,,,,,,,,,,,,,,,,,,,,,,,,,,,,,,,,,,,,,,,,,,,,,,,,,,,,,,,,,,
,0,0,0,0,37,38,25,Run 8,,,,,,,,,,,,,,,,,,,,,,,,,,,,,,,,,,,,,,,,,,,,,,,,,,,,,,,,,,,,,,,,,,,,,,,,,,,,,,,,,,,,,,,,,,,,,,,,,,,,,,,,,,,,,,,,,,,,,,,,,,,,,,,,,,,,,,,,,,,,,,,,,,,,,,,,,,,,,,,,,,,,,,,,,,,,,,,,,,,,,,,,,,,,,,,,,,,,,,,,,,,,,,,,,,,,,,,,,,,,,,,,,,,,,,,,,,,,,,,,,,,,,,,,,,,,,,,,,,,,,,,,,,,,,,,,
,0,0,0,0,46,37,4,Run 9,,,,,,,,,,,,,,,,,,,,,,,,,,,,,,,,,,,,,,,,,,,,,,,,,,,,,,,,,,,,,,,,,,,,,,,,,,,,,,,,,,,,,,,,,,,,,,,,,,,,,,,,,,,,,,,,,,,,,,,,,,,,,,,,,,,,,,,,,,,,,,,,,,,,,,,,,,,,,,,,,,,,,,,,,,,,,,,,,,,,,,,,,,,,,,,,,,,,,,,,,,,,,,,,,,,,,,,,,,,,,,,,,,,,,,,,,,,,,,,,,,,,,,,,,,,,,,,,,,,,,,,,,,,,,,,,
,0,0,0,0,42,51,1,Run 10,,,,,,,,,,,,,,,,,,,,,,,,,,,,,,,,,,,,,,,,,,,,,,,,,,,,,,,,,,,,,,,,,,,,,,,,,,,,,,,,,,,,,,,,,,,,,,,,,,,,,,,,,,,,,,,,,,,,,,,,,,,,,,,,,,,,,,,,,,,,,,,,,,,,,,,,,,,,,,,,,,,,,,,,,,,,,,,,,,,,,,,,,,,,,,,,,,,,,,,,,,,,,,,,,,,,,,,,,,,,,,,,,,,,,,,,,,,,,,,,,,,,,,,,,,,,,,,,,,,,,,,,,,,,,,,,
mean,0,0,0,0,24.6,29.3,20.3,,,,,,,,,,,,,,,,,,,,,,,,,,,,,,,,,,,,,,,,,,,,,,,,,,,,,,,,,,,,,,,,,,,,,,,,,,,,,,,,,,,,,,,,,,,,,,,,,,,,,,,,,,,,,,,,,,,,,,,,,,,,,,,,,,,,,,,,,,,,,,,,,,,,,,,,,,,,,,,,,,,,,,,,,,,,,,,,,,,,,,,,,,,,,,,,,,,,,,,,,,,,,,,,,,,,,,,,,,,,,,,,,,,,,,,,,,,,,,,,,,,,,,,,,,,,,,,,,,,,,,,,,,,,,,,,,
std,0,0,0,0,17.61438806,20.85425616,19.13722376,,,,,,,,,,,,,,,,,,,,,,,,,,,,,,,,,,,,,,,,,,,,,,,,,,,,,,,,,,,,,,,,,,,,,,,,,,,,,,,,,,,,,,,,,,,,,,,,,,,,,,,,,,,,,,,,,,,,,,,,,,,,,,,,,,,,,,,,,,,,,,,,,,,,,,,,,,,,,,,,,,,,,,,,,,,,,,,,,,,,,,,,,,,,,,,,,,,,,,,,,,,,,,,,,,,,,,,,,,,,,,,,,,,,,,,,,,,,,,,,,,,,,,,,,,,,,,,,,,,,,,,,,,,,,,,,,
% over 1,0,0,0,0,0.9,0.8,1,,,,,,,,,,,,,,,,,,,,,,,,,,,,,,,,,,,,,,,,,,,,,,,,,,,,,,,,,,,,,,,,,,,,,,,,,,,,,,,,,,,,,,,,,,,,,,,,,,,,,,,,,,,,,,,,,,,,,,,,,,,,,,,,,,,,,,,,,,,,,,,,,,,,,,,,,,,,,,,,,,,,,,,,,,,,,,,,,,,,,,,,,,,,,,,,,,,,,,,,,,,,,,,,,,,,,,,,,,,,,,,,,,,,,,,,,,,,,,,,,,,,,,,,,,,,,,,,,,,,,,,,,,,,,,,,,
,,,,,,,,,,,,,,,,,,,,,,,,,,,,,,,,,,,,,,,,,,,,,,,,,,,,,,,,,,,,,,,,,,,,,,,,,,,,,,,,,,,,,,,,,,,,,,,,,,,,,,,,,,,,,,,,,,,,,,,,,,,,,,,,,,,,,,,,,,,,,,,,,,,,,,,,,,,,,,,,,,,,,,,,,,,,,,,,,,,,,,,,,,,,,,,,,,,,,,,,,,,,,,,,,,,,,,,,,,,,,,,,,,,,,,,,,,,,,,,,,,,,,,,,,,,,,,,,,,,,,,,,,,,,,,,,,,,,,,,,
WS,0,0,0,0,0,0,1,Run 1,,,,,,,,,,,,,,,,,,,,,,,,,,,,,,,,,,,,,,,,,,,,,,,,,,,,,,,,,,,,,,,,,,,,,,,,,,,,,,,,,,,,,,,,,,,,,,,,,,,,,,,,,,,,,,,,,,,,,,,,,,,,,,,,,,,,,,,,,,,,,,,,,,,,,,,,,,,,,,,,,,,,,,,,,,,,,,,,,,,,,,,,,,,,,,,,,,,,,,,,,,,,,,,,,,,,,,,,,,,,,,,,,,,,,,,,,,,,,,,,,,,,,,,,,,,,,,,,,,,,,,,,,,,,,,,,
,0,0,0,0,0,18,1,Run 2,,,,,,,,,,,,,,,,,,,,,,,,,,,,,,,,,,,,,,,,,,,,,,,,,,,,,,,,,,,,,,,,,,,,,,,,,,,,,,,,,,,,,,,,,,,,,,,,,,,,,,,,,,,,,,,,,,,,,,,,,,,,,,,,,,,,,,,,,,,,,,,,,,,,,,,,,,,,,,,,,,,,,,,,,,,,,,,,,,,,,,,,,,,,,,,,,,,,,,,,,,,,,,,,,,,,,,,,,,,,,,,,,,,,,,,,,,,,,,,,,,,,,,,,,,,,,,,,,,,,,,,,,,,,,,,,
,0,0,0,0,0,0,3,Run 3,,,,,,,,,,,,,,,,,,,,,,,,,,,,,,,,,,,,,,,,,,,,,,,,,,,,,,,,,,,,,,,,,,,,,,,,,,,,,,,,,,,,,,,,,,,,,,,,,,,,,,,,,,,,,,,,,,,,,,,,,,,,,,,,,,,,,,,,,,,,,,,,,,,,,,,,,,,,,,,,,,,,,,,,,,,,,,,,,,,,,,,,,,,,,,,,,,,,,,,,,,,,,,,,,,,,,,,,,,,,,,,,,,,,,,,,,,,,,,,,,,,,,,,,,,,,,,,,,,,,,,,,,,,,,,,,
,0,0,0,0,4,1,27,Run 4,,,,,,,,,,,,,,,,,,,,,,,,,,,,,,,,,,,,,,,,,,,,,,,,,,,,,,,,,,,,,,,,,,,,,,,,,,,,,,,,,,,,,,,,,,,,,,,,,,,,,,,,,,,,,,,,,,,,,,,,,,,,,,,,,,,,,,,,,,,,,,,,,,,,,,,,,,,,,,,,,,,,,,,,,,,,,,,,,,,,,,,,,,,,,,,,,,,,,,,,,,,,,,,,,,,,,,,,,,,,,,,,,,,,,,,,,,,,,,,,,,,,,,,,,,,,,,,,,,,,,,,,,,,,,,,,
,0,0,0,0,0,3,9,Run 5,,,,,,,,,,,,,,,,,,,,,,,,,,,,,,,,,,,,,,,,,,,,,,,,,,,,,,,,,,,,,,,,,,,,,,,,,,,,,,,,,,,,,,,,,,,,,,,,,,,,,,,,,,,,,,,,,,,,,,,,,,,,,,,,,,,,,,,,,,,,,,,,,,,,,,,,,,,,,,,,,,,,,,,,,,,,,,,,,,,,,,,,,,,,,,,,,,,,,,,,,,,,,,,,,,,,,,,,,,,,,,,,,,,,,,,,,,,,,,,,,,,,,,,,,,,,,,,,,,,,,,,,,,,,,,,,
,0,0,0,0,1,19,23,Run 6,,,,,,,,,,,,,,,,,,,,,,,,,,,,,,,,,,,,,,,,,,,,,,,,,,,,,,,,,,,,,,,,,,,,,,,,,,,,,,,,,,,,,,,,,,,,,,,,,,,,,,,,,,,,,,,,,,,,,,,,,,,,,,,,,,,,,,,,,,,,,,,,,,,,,,,,,,,,,,,,,,,,,,,,,,,,,,,,,,,,,,,,,,,,,,,,,,,,,,,,,,,,,,,,,,,,,,,,,,,,,,,,,,,,,,,,,,,,,,,,,,,,,,,,,,,,,,,,,,,,,,,,,,,,,,,,
,0,0,0,0,2,0,1,Run 7,,,,,,,,,,,,,,,,,,,,,,,,,,,,,,,,,,,,,,,,,,,,,,,,,,,,,,,,,,,,,,,,,,,,,,,,,,,,,,,,,,,,,,,,,,,,,,,,,,,,,,,,,,,,,,,,,,,,,,,,,,,,,,,,,,,,,,,,,,,,,,,,,,,,,,,,,,,,,,,,,,,,,,,,,,,,,,,,,,,,,,,,,,,,,,,,,,,,,,,,,,,,,,,,,,,,,,,,,,,,,,,,,,,,,,,,,,,,,,,,,,,,,,,,,,,,,,,,,,,,,,,,,,,,,,,,
,0,0,0,0,18,20,18,Run 8,,,,,,,,,,,,,,,,,,,,,,,,,,,,,,,,,,,,,,,,,,,,,,,,,,,,,,,,,,,,,,,,,,,,,,,,,,,,,,,,,,,,,,,,,,,,,,,,,,,,,,,,,,,,,,,,,,,,,,,,,,,,,,,,,,,,,,,,,,,,,,,,,,,,,,,,,,,,,,,,,,,,,,,,,,,,,,,,,,,,,,,,,,,,,,,,,,,,,,,,,,,,,,,,,,,,,,,,,,,,,,,,,,,,,,,,,,,,,,,,,,,,,,,,,,,,,,,,,,,,,,,,,,,,,,,,
,0,0,0,0,1,16,19,Run 9,,,,,,,,,,,,,,,,,,,,,,,,,,,,,,,,,,,,,,,,,,,,,,,,,,,,,,,,,,,,,,,,,,,,,,,,,,,,,,,,,,,,,,,,,,,,,,,,,,,,,,,,,,,,,,,,,,,,,,,,,,,,,,,,,,,,,,,,,,,,,,,,,,,,,,,,,,,,,,,,,,,,,,,,,,,,,,,,,,,,,,,,,,,,,,,,,,,,,,,,,,,,,,,,,,,,,,,,,,,,,,,,,,,,,,,,,,,,,,,,,,,,,,,,,,,,,,,,,,,,,,,,,,,,,,,,
,0,0,0,0,2,6,9,Run 10,,,,,,,,,,,,,,,,,,,,,,,,,,,,,,,,,,,,,,,,,,,,,,,,,,,,,,,,,,,,,,,,,,,,,,,,,,,,,,,,,,,,,,,,,,,,,,,,,,,,,,,,,,,,,,,,,,,,,,,,,,,,,,,,,,,,,,,,,,,,,,,,,,,,,,,,,,,,,,,,,,,,,,,,,,,,,,,,,,,,,,,,,,,,,,,,,,,,,,,,,,,,,,,,,,,,,,,,,,,,,,,,,,,,,,,,,,,,,,,,,,,,,,,,,,,,,,,,,,,,,,,,,,,,,,,,
mean,0,0,0,0,2.8,8.3,11.1,,,,,,,,,,,,,,,,,,,,,,,,,,,,,,,,,,,,,,,,,,,,,,,,,,,,,,,,,,,,,,,,,,,,,,,,,,,,,,,,,,,,,,,,,,,,,,,,,,,,,,,,,,,,,,,,,,,,,,,,,,,,,,,,,,,,,,,,,,,,,,,,,,,,,,,,,,,,,,,,,,,,,,,,,,,,,,,,,,,,,,,,,,,,,,,,,,,,,,,,,,,,,,,,,,,,,,,,,,,,,,,,,,,,,,,,,,,,,,,,,,,,,,,,,,,,,,,,,,,,,,,,,,,,,,,,,
std,0,0,0,0,5.49343042,8.807194029,9.915756261,,,,,,,,,,,,,,,,,,,,,,,,,,,,,,,,,,,,,,,,,,,,,,,,,,,,,,,,,,,,,,,,,,,,,,,,,,,,,,,,,,,,,,,,,,,,,,,,,,,,,,,,,,,,,,,,,,,,,,,,,,,,,,,,,,,,,,,,,,,,,,,,,,,,,,,,,,,,,,,,,,,,,,,,,,,,,,,,,,,,,,,,,,,,,,,,,,,,,,,,,,,,,,,,,,,,,,,,,,,,,,,,,,,,,,,,,,,,,,,,,,,,,,,,,,,,,,,,,,,,,,,,,,,,,,,,,
% over 1,0,0,0,0,0.6,0.7,1,,,,,,,,,,,,,,,,,,,,,,,,,,,,,,,,,,,,,,,,,,,,,,,,,,,,,,,,,,,,,,,,,,,,,,,,,,,,,,,,,,,,,,,,,,,,,,,,,,,,,,,,,,,,,,,,,,,,,,,,,,,,,,,,,,,,,,,,,,,,,,,,,,,,,,,,,,,,,,,,,,,,,,,,,,,,,,,,,,,,,,,,,,,,,,,,,,,,,,,,,,,,,,,,,,,,,,,,,,,,,,,,,,,,,,,,,,,,,,,,,,,,,,,,,,,,,,,,,,,,,,,,,,,,,,,,,
,,,,,,,,,,,,,,,,,,,,,,,,,,,,,,,,,,,,,,,,,,,,,,,,,,,,,,,,,,,,,,,,,,,,,,,,,,,,,,,,,,,,,,,,,,,,,,,,,,,,,,,,,,,,,,,,,,,,,,,,,,,,,,,,,,,,,,,,,,,,,,,,,,,,,,,,,,,,,,,,,,,,,,,,,,,,,,,,,,,,,,,,,,,,,,,,,,,,,,,,,,,,,,,,,,,,,,,,,,,,,,,,,,,,,,,,,,,,,,,,,,,,,,,,,,,,,,,,,,,,,,,,,,,,,,,,,,,,,,,,
MAG,0,0,0,0,70,70,70,Run 1,,,,,,,,,,,,,,,,,,,,,,,,,,,,,,,,,,,,,,,,,,,,,,,,,,,,,,,,,,,,,,,,,,,,,,,,,,,,,,,,,,,,,,,,,,,,,,,,,,,,,,,,,,,,,,,,,,,,,,,,,,,,,,,,,,,,,,,,,,,,,,,,,,,,,,,,,,,,,,,,,,,,,,,,,,,,,,,,,,,,,,,,,,,,,,,,,,,,,,,,,,,,,,,,,,,,,,,,,,,,,,,,,,,,,,,,,,,,,,,,,,,,,,,,,,,,,,,,,,,,,,,,,,,,,,,,
,0,0,0,0,60,60,60,Run 2,,,,,,,,,,,,,,,,,,,,,,,,,,,,,,,,,,,,,,,,,,,,,,,,,,,,,,,,,,,,,,,,,,,,,,,,,,,,,,,,,,,,,,,,,,,,,,,,,,,,,,,,,,,,,,,,,,,,,,,,,,,,,,,,,,,,,,,,,,,,,,,,,,,,,,,,,,,,,,,,,,,,,,,,,,,,,,,,,,,,,,,,,,,,,,,,,,,,,,,,,,,,,,,,,,,,,,,,,,,,,,,,,,,,,,,,,,,,,,,,,,,,,,,,,,,,,,,,,,,,,,,,,,,,,,,,
,0,0,0,0,74,74,74,Run 3,,,,,,,,,,,,,,,,,,,,,,,,,,,,,,,,,,,,,,,,,,,,,,,,,,,,,,,,,,,,,,,,,,,,,,,,,,,,,,,,,,,,,,,,,,,,,,,,,,,,,,,,,,,,,,,,,,,,,,,,,,,,,,,,,,,,,,,,,,,,,,,,,,,,,,,,,,,,,,,,,,,,,,,,,,,,,,,,,,,,,,,,,,,,,,,,,,,,,,,,,,,,,,,,,,,,,,,,,,,,,,,,,,,,,,,,,,,,,,,,,,,,,,,,,,,,,,,,,,,,,,,,,,,,,,,,
,0,0,0,0,62,62,62,Run 4,,,,,,,,,,,,,,,,,,,,,,,,,,,,,,,,,,,,,,,,,,,,,,,,,,,,,,,,,,,,,,,,,,,,,,,,,,,,,,,,,,,,,,,,,,,,,,,,,,,,,,,,,,,,,,,,,,,,,,,,,,,,,,,,,,,,,,,,,,,,,,,,,,,,,,,,,,,,,,,,,,,,,,,,,,,,,,,,,,,,,,,,,,,,,,,,,,,,,,,,,,,,,,,,,,,,,,,,,,,,,,,,,,,,,,,,,,,,,,,,,,,,,,,,,,,,,,,,,,,,,,,,,,,,,,,,
,0,0,0,0,71,71,71,Run 5,,,,,,,,,,,,,,,,,,,,,,,,,,,,,,,,,,,,,,,,,,,,,,,,,,,,,,,,,,,,,,,,,,,,,,,,,,,,,,,,,,,,,,,,,,,,,,,,,,,,,,,,,,,,,,,,,,,,,,,,,,,,,,,,,,,,,,,,,,,,,,,,,,,,,,,,,,,,,,,,,,,,,,,,,,,,,,,,,,,,,,,,,,,,,,,,,,,,,,,,,,,,,,,,,,,,,,,,,,,,,,,,,,,,,,,,,,,,,,,,,,,,,,,,,,,,,,,,,,,,,,,,,,,,,,,,
,0,0,0,0,69,69,69,Run 6,,,,,,,,,,,,,,,,,,,,,,,,,,,,,,,,,,,,,,,,,,,,,,,,,,,,,,,,,,,,,,,,,,,,,,,,,,,,,,,,,,,,,,,,,,,,,,,,,,,,,,,,,,,,,,,,,,,,,,,,,,,,,,,,,,,,,,,,,,,,,,,,,,,,,,,,,,,,,,,,,,,,,,,,,,,,,,,,,,,,,,,,,,,,,,,,,,,,,,,,,,,,,,,,,,,,,,,,,,,,,,,,,,,,,,,,,,,,,,,,,,,,,,,,,,,,,,,,,,,,,,,,,,,,,,,,
,0,0,0,0,73,74,74,Run 7,,,,,,,,,,,,,,,,,,,,,,,,,,,,,,,,,,,,,,,,,,,,,,,,,,,,,,,,,,,,,,,,,,,,,,,,,,,,,,,,,,,,,,,,,,,,,,,,,,,,,,,,,,,,,,,,,,,,,,,,,,,,,,,,,,,,,,,,,,,,,,,,,,,,,,,,,,,,,,,,,,,,,,,,,,,,,,,,,,,,,,,,,,,,,,,,,,,,,,,,,,,,,,,,,,,,,,,,,,,,,,,,,,,,,,,,,,,,,,,,,,,,,,,,,,,,,,,,,,,,,,,,,,,,,,,,
,0,0,0,0,83,83,83,Run 8,,,,,,,,,,,,,,,,,,,,,,,,,,,,,,,,,,,,,,,,,,,,,,,,,,,,,,,,,,,,,,,,,,,,,,,,,,,,,,,,,,,,,,,,,,,,,,,,,,,,,,,,,,,,,,,,,,,,,,,,,,,,,,,,,,,,,,,,,,,,,,,,,,,,,,,,,,,,,,,,,,,,,,,,,,,,,,,,,,,,,,,,,,,,,,,,,,,,,,,,,,,,,,,,,,,,,,,,,,,,,,,,,,,,,,,,,,,,,,,,,,,,,,,,,,,,,,,,,,,,,,,,,,,,,,,,
,0,0,0,0,60,60,60,Run 9,,,,,,,,,,,,,,,,,,,,,,,,,,,,,,,,,,,,,,,,,,,,,,,,,,,,,,,,,,,,,,,,,,,,,,,,,,,,,,,,,,,,,,,,,,,,,,,,,,,,,,,,,,,,,,,,,,,,,,,,,,,,,,,,,,,,,,,,,,,,,,,,,,,,,,,,,,,,,,,,,,,,,,,,,,,,,,,,,,,,,,,,,,,,,,,,,,,,,,,,,,,,,,,,,,,,,,,,,,,,,,,,,,,,,,,,,,,,,,,,,,,,,,,,,,,,,,,,,,,,,,,,,,,,,,,,
,0,0,0,0,60,60,60,Run 10,,,,,,,,,,,,,,,,,,,,,,,,,,,,,,,,,,,,,,,,,,,,,,,,,,,,,,,,,,,,,,,,,,,,,,,,,,,,,,,,,,,,,,,,,,,,,,,,,,,,,,,,,,,,,,,,,,,,,,,,,,,,,,,,,,,,,,,,,,,,,,,,,,,,,,,,,,,,,,,,,,,,,,,,,,,,,,,,,,,,,,,,,,,,,,,,,,,,,,,,,,,,,,,,,,,,,,,,,,,,,,,,,,,,,,,,,,,,,,,,,,,,,,,,,,,,,,,,,,,,,,,,,,,,,,,,
mean,0,0,0,0,68.2,68.3,68.3,,,,,,,,,,,,,,,,,,,,,,,,,,,,,,,,,,,,,,,,,,,,,,,,,,,,,,,,,,,,,,,,,,,,,,,,,,,,,,,,,,,,,,,,,,,,,,,,,,,,,,,,,,,,,,,,,,,,,,,,,,,,,,,,,,,,,,,,,,,,,,,,,,,,,,,,,,,,,,,,,,,,,,,,,,,,,,,,,,,,,,,,,,,,,,,,,,,,,,,,,,,,,,,,,,,,,,,,,,,,,,,,,,,,,,,,,,,,,,,,,,,,,,,,,,,,,,,,,,,,,,,,,,,,,,,,,
std,0,0,0,0,7.656515018,7.732327521,7.732327521,,,,,,,,,,,,,,,,,,,,,,,,,,,,,,,,,,,,,,,,,,,,,,,,,,,,,,,,,,,,,,,,,,,,,,,,,,,,,,,,,,,,,,,,,,,,,,,,,,,,,,,,,,,,,,,,,,,,,,,,,,,,,,,,,,,,,,,,,,,,,,,,,,,,,,,,,,,,,,,,,,,,,,,,,,,,,,,,,,,,,,,,,,,,,,,,,,,,,,,,,,,,,,,,,,,,,,,,,,,,,,,,,,,,,,,,,,,,,,,,,,,,,,,,,,,,,,,,,,,,,,,,,,,,,,,,,
% over 1,0,0,0,0,1,1,1,,,,,,,,,,,,,,,,,,,,,,,,,,,,,,,,,,,,,,,,,,,,,,,,,,,,,,,,,,,,,,,,,,,,,,,,,,,,,,,,,,,,,,,,,,,,,,,,,,,,,,,,,,,,,,,,,,,,,,,,,,,,,,,,,,,,,,,,,,,,,,,,,,,,,,,,,,,,,,,,,,,,,,,,,,,,,,,,,,,,,,,,,,,,,,,,,,,,,,,,,,,,,,,,,,,,,,,,,,,,,,,,,,,,,,,,,,,,,,,,,,,,,,,,,,,,,,,,,,,,,,,,,,,,,,,,,
